pred,opt_pred
0.042042847828157724,3.204779592816762e-08
0.03956838214930866,99.99999976372004
0.039596198204118416,99.99999972554417
0.03942013277148659,99.99999985126071
0.022629003574637232,99.9999999762571
0.031387983322358606,99.99999997313894
0.029253236046706224,99.9999999743012
0.04192107189474871,3.382360651471561e-08
0.04228804951921296,2.9037027037352524e-08
0.04093838979065047,6.158008604161161e-08
0.036651169556968184,99.99999996416307
0.021224505823886703,99.9999999764986
0.04212704990068006,3.093537447830462e-08
0.03820668526864893,99.99999995028732
0.02715232077285434,99.9999999751209
0.03648559789197226,99.99999996491758
0.021167660117218944,99.99999997650647
0.029523616948583162,99.9999999741757
0.03803415554862376,99.99999995288997
0.038386771109485046,99.99999994685137
0.03656087871208152,99.99999996458362
0.023478480421315378,99.9999999760871
0.035653054362863666,99.99999996775276
0.02250825667047913,99.99999997627822
0.04173135791816998,3.705165152217796e-08
0.02108582387206105,99.99999997651967
0.028468907908748342,99.99999997463627
0.0365154820516136,99.99999996478648
0.04105190325755409,5.628230139832005e-08
0.0328562466636461,99.99999997200976
0.039978986432165534,3.248461914093739e-07
0.039518166676704256,99.99999980616109
0.04121688282737388,5.001618170124853e-08
0.05871663068157728,3.2113728562416976e-09
0.01822114971094287,99.99999997691134
0.03772537217048996,99.9999999565411
0.039520983683509335,99.99999980430736
0.03556508062652875,99.99999996798125
0.021736503631180584,99.99999997641466
0.028905180904967246,99.9999999744542
0.039892027284630066,5.682029420644527e-07
0.020499495008329878,99.9999999766103
0.03909462563080432,99.9999999106022
0.04162613337528609,3.9131222024852575e-08
0.057570795637659856,3.2507617952187064e-09
0.02812371294796379,99.99999997477244
0.038724108351312216,99.99999993654629
0.027852176981040155,99.9999999748749
0.038072028662573476,99.99999995236357
0.018027616718828045,99.99999997693409
0.04073033932859484,7.443125997078844e-08
0.041159491393595496,5.203378640460669e-08
0.021158704181583457,99.99999997651055
0.03537330484702315,99.9999999684445
0.02373629442604913,99.99999997603427
0.042084614693707965,3.148493281012782e-08
0.021399915171497478,99.99999997646958
0.01881323949645495,99.99999997683562
0.028578221466704704,99.99999997459413
0.038693291346901186,99.99999993782053
0.03212982356826634,99.99999997261386
0.04387080927348793,1.922014258670063e-08
0.030775939893542652,99.99999997351792
0.03764297581607329,99.99999995735757
0.03122100289892587,99.99999997324491
0.03787056834682467,99.9999999549531
0.040055430269667854,99.99999997494933
0.02161633215621801,99.99999997743755
0.04144847131282248,99.99999997452163
0.046778801354275236,99.9999999716816
0.04592468681961962,99.99999997234222
0.04058074394561402,99.999999974796
0.02477410694383936,99.99999997720363
0.030021516932840674,99.99999997670456
0.04278769888254964,99.99999997402298
0.04597302918476962,99.99999997230424
0.030487282516292187,99.99999997665161
0.04099231106358724,99.99999997466983
0.03068932374208332,99.9999999766305
0.03191352313698872,99.99999997647751
0.04433113434984944,99.99999997330777
0.046257020192857115,99.99999997209991
0.04018037619602266,99.9999999749142
0.022281859895269054,99.9999999773904
0.02096773541884342,99.99999997747977
0.024716857101026293,99.99999997720873
0.04147154314450561,99.99999997451295
0.030660410308006484,99.99999997663045
0.021492644697003186,99.99999997744408
0.044770963444093446,99.99999997306958
0.0388212347796367,99.99999997526784
0.024011182314542762,99.99999997726569
0.021703953493673114,99.99999997742991
0.04202160274283254,99.99999997432089
0.03901802047197358,99.99999997522299
0.03413627768771968,99.99999997616638
0.03057770870814519,99.99999997664169
0.026285911835377988,99.99999997707874
0.02840310926562401,99.99999997687821
0.022961254389199028,99.99999997734238
0.03906950600981731,99.9999999752088
0.037073320522164895,99.99999997565493
0.022638704381460137,99.99999997736612
0.03999276762367524,99.99999997496576
0.035844334651627806,99.99999997588526
0.041569434792316506,99.99999997447821
0.024546343029585346,99.99999997722341
0.021159222453389893,99.99999997746647
0.032158177694891044,99.99999997644856
0.039877603987096534,99.99999997499835
0.03708077802692818,99.99999997565352
0.0242835822324493,99.99999997724584
0.02174398588945686,99.99999997742914
0.038767913644614904,99.99999997528258
0.04529651141027987,99.99999997275636
0.024372295861881315,99.9999999772372
0.04012054342321102,99.99999997493018
0.05875772788807526,1.2088661899598579e-08
0.0289458560608898,99.99999997682141
0.021147822239356778,99.99999997746762
0.025323937878941064,99.99999997716138
0.04201379179057806,99.99999997432343
0.03184640177030415,99.99999997648669
0.022928622528100125,99.99999997734744
0.040093139272566844,99.99999997493768
0.028450987138523166,99.99999997687212
0.021935542452426012,99.99999997741479
0.026245119521561697,99.99999997708261
0.022038123380874967,99.99999997740777
0.032854351608058614,99.99999997635344
0.020653129528798605,99.999999977499
0.045326177616425385,99.99999997273757
0.04631321070491225,99.99999997205757
0.021892136333638235,99.99999997741836
0.04725794661489996,99.99999997126197
0.023653340141935698,99.99999997729142
0.023893366485832207,99.99999997727393
0.04209629163667088,99.99999997429298
0.02028324599754138,99.99999997752262
0.03520520940728479,99.99999997599707
0.04562820217253769,99.99999997254363
0.028816213560857024,99.99999997683544
0.028853979324373405,99.99999997683207
0.024986289960560112,99.99999997718851
0.043495970549928535,99.99999997371806
0.04149154219045976,99.99999997450625
0.04137521759550357,99.99999997454695
0.03811185813883587,99.99999997543469
0.026606529231678555,99.99999997704923
0.03930913448939363,99.99999997514979
0.04473533319418443,99.99999997308957
0.07739828328938957,2.732025476194924e-09
0.03791883060389714,99.99999997547766
0.024599341423979026,99.99999997721747
0.04433655718468926,99.99999997330426
0.02982467698698389,99.99999997672856
0.020934397940127757,99.99999997748209
0.031853942556125725,99.99999997648662
0.02289078025574341,99.99999997734751
0.04846255414893216,99.99999996996819
0.03218386223333279,99.99999997644295
0.05878107722101201,1.2065239116372297e-08
0.028966385658350323,99.99999997681985
0.020894807469010842,99.99999997748299
0.02376194818671966,99.99999997728511
0.03836597684003684,99.99999997537783
0.03785460551540924,99.9999999754909
0.034055941976834536,99.99999997617881
0.03869315378723992,99.99999997529818
0.025110701161261108,99.99999997717535
0.036636272744939205,99.99999997574083
0.046834123886675,99.99999997163843
0.03129473305917532,99.99999997655567
0.024776798281989486,99.99999997720452
0.027841714997056816,99.9999999769329
0.028247215784184845,99.99999997689363
0.03766675782688273,99.99999997553121
0.0442610004623423,99.9999999733453
0.024013891376123184,99.99999997726579
0.03638172577471146,99.99999997578982
0.026498499346877664,99.99999997705831
0.0247377309394633,99.99999997720907
0.03218118359771585,99.99999997644485
0.04507183480063158,99.99999997289491
0.04032920598178782,99.99999997487
0.030832328249000444,99.99999997661303
0.017562987126447695,99.9999999776729
0.03097480226977265,99.9999999765952
0.0285111090335888,99.99999997686791
0.05071316888709259,99.9999999660171
0.021690813554317626,99.99999997743079
0.022676088004945395,99.99999997736136
0.032265737166659716,99.99999997643343
0.047323481913508596,99.99999997120048
0.029305783826603867,99.99999997678387
0.03324505660000705,99.99999997629983
0.04672597540862875,99.9999999717285
0.04025512642121856,99.99999997489374
0.049824883604497106,99.99999996791112
0.07487815571058339,2.8084481045348287e-09
0.0424745814576791,99.99999997414858
0.018915198938961653,99.99999997760123
0.02211820285894426,99.99999997740176
0.02197173924107647,99.99999997741301
0.03227050116837954,99.9999999764318
0.03158026083090464,99.99999997652303
0.0408316317981955,99.99999997471919
0.050976039163426086,99.9999999653305
0.023492493769423452,99.99999997730409
0.02459330012787543,99.99999997721996
0.032619457952806366,99.99999997638449
0.040220327144537646,99.9999999749013
0.04547810369358555,99.99999997264132
0.03287296188047799,99.99999997634994
0.06832740335386689,4.85985149378826e-09
0.08759398742718537,2.8059543265246047e-09
0.053215331080182234,99.99999995470569
0.036708344485551464,99.99999997572449
0.06866638310904612,4.634902140228718e-09
0.050627868545019175,99.99999996622523
0.038573703573260724,99.99999997532824
0.025944203009653978,99.99999997710817
0.06452506780998912,9.074734414821379e-09
0.04079987928450294,99.99999997473012
0.03900745075531283,99.9999999752245
0.029231724848096424,99.99999997679092
0.0257060812703063,99.99999997712877
0.04590490086215416,99.99999997235355
0.022804286608934212,99.99999997735421
0.02426644755170003,99.99999997724585
0.027358323044793735,99.99999997698066
0.029297419902461833,99.99999997678539
0.05541562358220284,3.9365070302664055e-07
0.03216033151295808,99.99999997644562
0.02811027511554016,99.99999997690679
0.019539880376546512,99.99999997756635
0.04236781805229991,99.999999974191
0.02900466366126027,99.9999999768173
0.04543146402594366,99.99999997267045
0.03291557802238519,99.99999997634545
0.04445856516188423,99.99999997324183
0.028830552244209547,99.99999997683496
0.033816425550103314,99.99999997621451
0.06809576225562024,5.024390198576785e-09
0.02665142934761228,99.99999997704428
0.03489266825462066,99.99999997604733
0.037866006411436316,99.9999999754896
0.03382907919790543,99.99999997621367
0.04524915585999113,99.99999997278319
0.08702685016656356,2.81226440070668e-09
0.03518055026621827,99.99999997600011
0.02567600696728482,99.99999997713043
0.02268767211243588,99.99999997736266
0.029826911174122492,99.99999997672741
0.03777462515220978,99.99999997550944
0.039616032357406364,99.99999997506823
0.03688787707036249,99.99999997569236
0.04369589130153279,99.99999997362454
0.04578114167121217,99.99999997243941
0.03371966915047368,99.99999997623037
0.029489298621107798,99.99999997676316
0.050918501073316455,99.99999996548546
0.0628309544153106,1.2473211737559385e-08
0.04639443679290805,99.9999999719926
0.03995762651499709,99.99999997497493
0.058387002338762296,1.3540861365073363e-08
0.04584030023180254,99.99999997239696
0.031912195571966395,99.99999997647923
0.022569590719673453,99.99999997737146
0.022981348967883432,99.99999997734413
0.0439739145692715,99.99999997349285
0.038144056035197285,99.99999997542687
0.04158964846881959,99.99999997447361
0.05896361941224641,1.208484153584834e-08
0.06509753785131675,8.179204092883882e-09
0.03335489391978349,99.99999997628214
0.027656939174961943,99.99999997695143
0.050322567870803386,99.99999996692179
0.0463427166364588,99.9999999720345
0.03638062996591308,99.99999997578794
0.04827673559862043,99.99999997019252
0.02409514847753626,99.9999999772588
0.030142422587154636,99.99999997669165
0.04048282298421847,99.9999999748251
0.042963542220176995,99.99999997395282
0.08288128677820561,2.80676100143e-09
0.04580948596698515,99.99999997241983
0.06416403124700727,9.704470535564177e-09
0.038993740976638894,99.99999997522691
0.028184613636112906,99.99999997689993
0.03049120191858424,99.99999997665239
0.04773695840856366,99.999999970789
0.030378359751332146,99.99999997666534
0.03651735778959248,99.99999997576235
0.048669316866313185,99.99999996970476
0.029969155705381383,99.99999997671317
0.043076082636847444,99.99999997390282
0.04021593861529145,99.99999997490269
0.027142374423510238,99.99999997700354
0.044139597839288634,99.9999999734073
0.046337507781076905,99.99999997203699
0.037433325985820665,99.99999997558108
0.025326830979411966,99.99999997715982
0.025712023173422142,99.99999997712936
0.033701480716252785,99.99999997623283
0.04264482012603552,99.99999997408428
0.0777293632032464,2.7321608485681293e-09
0.04643031226199628,99.99999997196826
0.06778518419428105,5.25954478235746e-09
0.04434653899728097,99.99999997330086
0.0600845452461097,1.503732626232982e-08
0.034838472054010534,99.99999997605732
0.0348194890080812,99.99999997605916
0.04306461994476834,99.99999997391029
0.033102781505918825,99.99999997631836
0.027704222179996248,99.99999997694724
0.03958013851874731,99.99999997507709
0.0411744971415469,99.99999997461107
0.056612445842686855,7.576917794096456e-08
0.1068609099514537,2.1566611796884695e-09
0.04953671589575222,99.99999996841706
0.09631484532920406,2.561415626096303e-09
0.03217371079564318,99.99999997644416
0.025017311343779037,99.99999997718545
0.03976799396725359,99.99999997502887
0.03228327943076845,99.99999997642897
0.03512465246553196,99.99999997600976
0.02531710788441073,99.99999997716033
0.04753487315771194,99.99999997099474
0.03442660812042231,99.99999997612348
0.03149378856739759,99.99999997653194
0.03792610989036702,99.99999997547498
0.09417518539242031,2.6389604430648266e-09
0.05174476142279804,99.99999996285234
0.03232766370570145,99.99999997642429
0.039498425608195734,99.99999997509974
0.05143427135298232,99.99999996394968
0.042993452352631266,99.99999997393907
0.023659208745689685,99.9999999772938
0.08963389151404824,2.7707017919694474e-09
0.0494947621394955,99.9999999684868
0.042063869419773935,99.99999997430459
0.036312834626548995,99.99999997580005
0.0460645514334689,99.99999997224145
0.027988577776253843,99.99999997692136
0.04217642404629444,99.9999999742642
0.03401206416317484,99.9999999761839
0.0365492344213665,99.99999997575664
0.042286745772247204,99.99999997422172
0.0949474708179421,2.6117095005437047e-09
0.0362386014331121,99.99999997581354
0.035207367176748716,99.99999997599464
0.05601625496394431,4.184083355548305e-08
0.037761766793226764,99.9999999755104
0.026424363762033484,99.99999997706497
0.09293038638718654,2.6805589033172666e-09
0.03899271004825548,99.9999999752288
0.0285656030369811,99.99999997686133
0.04406624211836997,99.99999997344256
0.05785146867857228,2.0877672345373484e-08
0.043715045094372226,99.9999999736144
0.04745718266516383,99.99999997107322
0.038829768924515104,99.99999997526865
0.027131937940281896,99.99999997700013
0.04256987903096917,99.999999974113
0.02836722509839754,99.99999997688212
0.03223892078934107,99.9999999764364
0.0891237685648706,2.7812374254978947e-09
0.04135670924506866,99.99999997455174
0.04767713855617845,99.99999997085465
0.08055288747247341,2.7700136840186683e-09
0.044727933533609855,99.99999997309305
0.06643017275139988,6.507225903324034e-09
0.09695411567590932,2.537220536425549e-09
0.08369548128587398,2.814921833135454e-09
0.045114392836500754,99.99999997286747
0.062370216287394045,1.3532603076597608e-08
0.047855665633559794,99.99999997066685
0.0357723186150599,99.99999997589747
0.07288624685894553,3.043876953444757e-09
0.08018063889951814,2.763314086029366e-09
0.04959371603957318,99.99999996832295
0.028367106852240143,99.99999997688212
0.050572253075383565,99.99999996635738
0.03435039376002219,99.99999997613456
0.04345017933943238,99.99999997373962
0.026229763775577123,99.99999997708565
0.0785952220245167,2.7386202252233746e-09
0.12395052297612982,1.6457478368864592e-09
0.04000113815779918,99.99999997496312
0.0668241912017887,6.10374653540981e-09
0.11700499728201717,1.8271518042558554e-09
0.07732367802904026,2.7322164687212194e-09
0.1122219554371004,1.9725173107005545e-09
0.026085394108080254,99.99999997709503
0.04746913041662949,99.99999997106178
0.029797066892202545,99.99999997673105
0.05991670648660794,1.462062827003355e-08
0.06504698694868377,8.25349314891439e-09
0.05273099169080741,99.99999995808403
0.04684904838009222,99.99999997162539
0.02667272223743309,99.99999997704145
0.04412367476231055,99.9999999734165
0.058406703303393065,1.3403263199123037e-08
0.04130431303814379,99.99999997456848
0.04211303064951847,99.99999997428766
0.045352855193278134,99.99999997272182
0.04000768465148174,99.99999997496171
0.0481065417283056,99.99999997039109
0.06133183194049194,1.5528563726456715e-08
0.03528459228056826,99.99999997598232
0.03953326164904987,99.99999997509043
0.02512909544319721,99.99999997717649
0.08625046185407574,2.818212127323139e-09
0.06768008463413441,5.343051327996494e-09
0.052023774809774936,99.99999996172313
0.0630948422138289,1.1877109623633779e-08
0.038197909486636136,99.99999997541593
0.06111590543430755,1.5750656073277895e-08
0.06184288116215603,1.4677082201960818e-08
0.05624571582792134,6.39521238115556e-08
0.03300529034025251,99.99999997633361
0.038333280747761954,99.9999999753825
0.0587929979628429,1.2055789123363918e-08
0.041251779877508984,99.99999997458707
0.04067315568296816,99.9999999747681
0.03512956663013479,99.99999997600985
0.029129860817802673,99.9999999768028
0.1062964116326186,2.1772960309323945e-09
0.030501571275960766,99.99999997665152
0.0454133083845667,99.99999997268235
0.0729782117685166,3.0278995180492267e-09
0.03897515129135892,99.99999997523146
0.03201191901752001,99.99999997646671
0.043708489620122803,99.99999997362063
0.03301387320832363,99.99999997633299
0.11652549440155877,1.8409334564668563e-09
0.04017778672713658,99.99999997491422
0.042376989509681086,99.99999997418641
0.05288686341300935,99.99999995708657
0.07040298495524973,3.741364078187001e-09
0.04038330918189506,99.99999997485627
0.04636355548539957,99.9999999720173
0.04692248000352576,99.99999997156435
0.054010866456249106,99.99999994628996
0.05283327715260106,99.99999995743869
0.02840812452630219,99.99999997687688
0.10161186821296622,2.3556446323555565e-09
0.053823403913107436,99.99999994897357
0.028254451118842058,99.99999997689581
0.05553318119835814,2.8550893633559856e-07
0.06788502393036322,5.182082968511339e-09
0.04653620478830046,99.99999997188169
0.05040177388790499,99.99999996674735
0.0438647232148226,99.99999997354485
0.0731030068910276,3.0071325316658843e-09
0.03669643268261722,99.99999997572807
0.04496471684547564,99.99999997295923
0.04593105425377532,99.99999997233654
0.0660322396932401,6.953451963575802e-09
0.09413255825008231,2.6404353752832417e-09
0.05372387861939586,99.99999995008498
0.06529137916327875,7.902428889925919e-09
0.12096394371614669,1.7197310381936051e-09
0.26403103848918374,6.283571700997846e-10
0.07208791419904075,3.208600666213205e-09
0.04142397742513296,99.99999997453027
0.04089800158259854,99.99999997469958
0.07583129012385688,2.759080785545683e-09
0.06187330883744627,1.4616051580891408e-08
0.06620188627481902,6.758208245799146e-09
0.033982761173576105,99.99999997618876
0.053647570788336166,99.99999995087161
0.0727481494951361,3.0689736908694724e-09
0.04253103377670084,99.99999997412613
0.07634435580464476,2.7441270425136234e-09
0.05440125043335104,99.99999991237291
0.10508161822085936,2.2224165780993676e-09
0.024271987813938762,99.99999997724377
0.05925196121256766,1.2637984895709059e-08
0.11179080839423808,1.986499429646282e-09
0.04862116150670719,99.99999996976757
0.03776059084327246,99.9999999755112
0.06979600514713233,4.008434014674433e-09
0.042492753255055214,99.99999997414
0.048851789880210966,99.99999996945753
0.038415347113226084,99.99999997536494
0.08428185259860126,2.8187649771938056e-09
0.05350348793578093,99.99999995225002
0.12604870370586163,1.5970981279680374e-09
0.04511701851456418,99.99999997286504
0.053788323320675416,99.99999994937994
0.2633573699043307,6.290955490479789e-10
0.05675371571173373,6.951470204362666e-08
0.03214152843722502,99.99999997645136
0.10859335635859384,2.0947530286024263e-09
0.09927681203263562,2.447183895593889e-09
0.052901711919425436,99.99999995698845
0.04038429557776407,99.99999997485277
0.1197791860720815,1.75071805234206e-09
0.11719985771754662,1.8216001898516907e-09
0.08276809209840492,2.805385339891615e-09
0.057938762993897656,1.913687005953114e-08
0.058088159810881744,1.6693005877483793e-08
0.04963774182230004,99.99999996824577
0.04402264451742357,99.99999997346846
0.037991006668615476,99.99999997546045
0.05270946242780808,99.99999995821312
0.0875194132597451,2.806876209823458e-09
0.05339177968534909,99.9999999532465
0.06233224732588543,1.36191509937354e-08
0.051169634860806744,99.99999996477881
0.06109533585260774,1.5766317461634292e-08
0.030436158258201614,99.99999997665957
0.12155538733338243,1.7046181639491045e-09
0.05673315242444923,7.061693313900632e-08
0.05259814501243309,99.9999999588707
0.03215413535035169,99.999999976448
0.07449750609614683,2.837798319046888e-09
0.044872635215868026,99.9999999730094
0.07467581390903487,2.8232792777536677e-09
0.06531428348814909,7.870554283801418e-09
0.02265071638198097,99.99999997736613
0.06531793936396518,7.865482532921096e-09
0.03699289600058417,99.99999997566962
0.04689513533191929,99.99999997158439
0.0467756984861023,99.99999997168523
0.06559320725862014,7.495871163934518e-09
0.18637280211216029,8.611878939308903e-10
0.053988352732645746,99.99999994668741
0.058176759534672905,1.5534147774851472e-08
0.04150957982645738,99.99999997449997
0.04399391533800308,99.9999999734805
0.1286506987551675,1.5402890438948944e-09
0.05365958575531856,99.99999995075085
0.11650142152543129,1.841629887566269e-09
0.06938143454467795,4.217640288919892e-09
0.03129584450548267,99.99999997655789
0.04798378896782079,99.99999997052507
0.04685048286444611,99.99999997162458
0.03356597731508587,99.99999997625301
0.11299705119218757,1.947750480766714e-09
0.04065571998966428,99.99999997477441
0.06784303211954956,5.2144436494808875e-09
0.05439580676574092,99.99999991408703
0.07922436291847366,2.747156434829396e-09
0.06183599407880314,1.469077498963621e-08
0.04236824073222666,99.9999999741898
0.07915509801074341,2.7461064221278935e-09
0.04460683046923894,99.999999973158
0.07090234614984652,3.55364729466255e-09
0.10796354149304017,2.117004380229318e-09
0.06424574597229098,9.557328688362376e-09
0.042152999878086975,99.9999999742711
0.11949539685034957,1.7582844420757363e-09
0.15423145114932169,1.1357342070513713e-09
0.07073430395198638,3.613768892011843e-09
0.04726122690433816,99.99999997125975
0.03142832066651619,99.99999997654146
0.10064920654846392,2.3933405290429975e-09
0.09087803914419161,2.7407874160820934e-09
0.04705010199041496,99.99999997145012
0.038796898055534955,99.9999999752752
0.1134203653184088,1.9344242927600522e-09
0.049634231332748954,99.99999996825058
0.08808576019008721,2.799195328397917e-09
0.06266377428671487,1.2857227464438296e-08
0.07513003677768498,2.792275653751718e-09
0.08606966798849797,2.8191383966319395e-09
0.09539772109773378,2.595405488598089e-09
0.04676262479112998,99.99999997169739
0.05509288999338424,1.1833596075221222e-06
0.07320516624227101,2.990895919462933e-09
0.04582286479291494,99.99999997241214
0.23287689992694394,6.793887209345707e-10
0.04653446935990731,99.99999997188424
0.030188203247342928,99.99999997668667
0.0718491897013565,3.267724610143796e-09
0.039295279893684545,99.99999997515266
0.1300847827712821,1.5105408492257921e-09
0.038290971682800455,99.9999999753927
0.04851574604863834,99.99999996990087
0.048912158082660556,99.99999996937247
0.5018342187864078,6.676024797999416e-10
0.034925404109266756,99.99999997604188
0.057916346093930385,1.9560772851180264e-08
0.12165300433061157,1.7021462147306009e-09
0.02502630962968249,99.99999997718488
0.0521881586887032,99.99999996098738
0.04155634041940128,99.99999997448431
0.044910287824828234,99.99999997299042
0.09183554206663425,2.7141795803593823e-09
0.07760179273894702,2.731927325509417e-09
0.035431123946476815,99.99999997595783
0.19414030459701873,8.176458718415335e-10
0.03242085391110653,99.99999997641335
0.04423031317571797,99.9999999733608
0.06464035218943515,8.884534795419615e-09
0.08046505086763579,2.7684292759638456e-09
0.10034678597613364,2.4052071035395043e-09
0.23925723729112316,6.656987796878216e-10
0.11641216408466024,1.8442159185605979e-09
0.06367315536850573,1.064628393420294e-08
0.033887194990012234,99.99999997620321
0.05593602516066802,4.149495987852047e-08
0.30252187865648134,6.040020157748418e-10
0.05733096979206487,3.7331556817434364e-08
0.055724280194451505,1.01896679244288e-07
0.08968508554931205,2.7695860131219603e-09
0.03247262958513372,99.9999999764048
0.1047486007341069,2.234945538855507e-09
0.11088364189578462,2.0163988802503174e-09
0.05961341310357744,1.3724268720601946e-08
0.05579459204569595,6.856165807849413e-08
0.11443524534197659,1.9030476884288087e-09
0.11545460805312453,1.8723383021213204e-09
0.1829469110753291,8.826651593692688e-10
0.056045829842079065,4.3664997329260053e-08
0.031978834912951726,99.99999997646898
0.19287715940452824,8.242707776387632e-10
0.09175279237741418,2.7165891338835415e-09
0.054479117050205715,99.99999987175106
0.0754899834985818,2.7732077082617545e-09
0.0726501133695906,3.087615825589762e-09
0.06807124793266196,5.042335899630651e-09
0.03327988146938845,99.99999997629394
0.0755436861531776,2.77074174400079e-09
0.0558860994072522,4.6126039242986854e-08
0.05750561430236721,3.048502417544957e-08
0.044062810931895624,99.99999997344426
0.10168935014452625,2.352618600278944e-09
0.06137667302049133,1.547033987504946e-08
0.05422809157717926,99.99999993896863
0.03496428410864102,99.99999997603607
0.06991273019132813,3.9535644263933575e-09
0.09486326414361854,2.6147266879795812e-09
0.10682222194812822,2.158068368779318e-09
0.05160075795240324,99.99999996337965
0.041549627412016364,99.99999997448664
0.11522576751678787,1.879162638081043e-09
0.09988937841452768,2.4231601308473093e-09
0.09101379481263076,2.737191500207827e-09
0.051710010107425375,99.99999996298071
0.11189736827890208,1.9830300061608606e-09
0.05600130331515854,4.1208375064298686e-08
0.08571150789461726,2.8204530468503744e-09
0.11067242935728086,2.023453487599696e-09
0.05234296360413091,99.99999996023956
0.038291018043606996,99.99999997539524
0.043483456210340526,99.99999997372315
0.059367508926191234,1.2963123426610448e-08
0.20959976933415603,7.489413707597707e-10
0.03188306357629844,99.99999997648312
0.1986342146807487,7.954015919594763e-10
0.054818007165107506,5.383101822052868e-08
0.05958765665259448,1.364350430676361e-08
0.03986640262108763,99.99999997500133
0.07967682875940525,2.754494347541639e-09
0.0486917932567868,99.9999999696728
0.09078508072718638,2.743214157320514e-09
0.3799707111621863,6.124070655096321e-10
0.20227794756708978,7.787959526569636e-10
0.06265048180872168,1.288786648223864e-08
0.24450418059469128,6.558364651895519e-10
0.045901618697490855,99.9999999723589
0.09945713044252517,2.440116721049398e-09
0.03703335654398313,99.99999997566124
0.24517280398474972,6.546637232395755e-10
0.06280868865901372,1.2524157666748664e-08
0.09615081598302117,2.567562758822032e-09
0.06486458026442428,8.529070824248324e-09
0.11927949345803004,1.7640786815916199e-09
0.055509316828981276,3.152062305442711e-07
0.06574024409770537,7.307999055552122e-09
0.0445161651857734,99.99999997321076
0.20994247899807558,7.476510114213088e-10
0.12409600868132789,1.6422887386290607e-09
0.038814291877612025,99.99999997527162
0.07802663164405853,2.733496537061245e-09
0.030368266351333943,99.99999997666716
0.056687500765065076,7.286828691634044e-08
0.03515811096259544,99.99999997600315
0.08066050517518171,2.7719529921078063e-09
0.2942094723864514,6.067916287727314e-10
0.11934568132700231,1.7622988984787986e-09
0.04276287367247235,99.99999997403381
0.07342370707839033,2.958387450578721e-09
0.16538105097623038,1.0194808919486716e-09
0.04860035258599652,99.99999996979324
0.1029249944126762,2.3046089631577995e-09
0.05849044598782616,1.2902458226551828e-08
0.05299189767927796,99.99999995636881
0.04566861712061018,99.99999997251581
0.09251402291745703,2.6937085128513354e-09
0.03170194696284417,99.99999997650644
0.07537895822611507,2.77860910830389e-09
0.09460943384875381,2.6237561892977094e-09
0.05454323913168266,99.99999979176698
0.07228225586893222,3.163971200895551e-09
0.23838204039758085,6.674623629298632e-10
0.05211854272129573,99.99999996130767
0.09255229317883475,2.692517662844327e-09
0.18358255889787922,8.785675446313389e-10
0.23678445730670047,6.707731095776186e-10
0.0760382006093544,2.7522020672320684e-09
0.40611411016792426,6.225282780057398e-10
0.061428315600574615,1.539865955274433e-08
0.07571254907235468,2.763587595379567e-09
0.08730299933612307,2.809394580029032e-09
0.31356981660534666,6.018542405497584e-10
0.07777754198726737,2.7323044625679336e-09
0.16964282787426108,9.816741589508526e-10
0.1109145709983405,2.0153687826729934e-09
0.07718202931635168,2.732823858122395e-09
0.2619838281051161,6.306427443190735e-10
0.14135387681813724,1.309717711374573e-09
0.06262644709732045,1.2943284200469023e-08
0.06379622800029965,1.0400836699208958e-08
0.057787829805944546,2.2305468958648484e-08
0.09399646914103009,2.645122111038276e-09
0.07020364042267954,3.824173278937507e-09
0.22937349155815123,6.877730647600509e-10
0.06891339006910951,4.482276478785739e-09
0.05118228947792006,99.99999996474075
0.06887192559836948,4.507253420191144e-09
0.21218340980797348,7.394352343004017e-10
0.04438011716593027,99.99999997328486
0.03940541877772723,99.99999997512332
0.0486864871310424,99.99999996968057
0.07147642006066392,3.3700845227748695e-09
0.5080254206826752,6.706180244879126e-10
0.04271466207883225,99.9999999740547
0.2601388817445962,6.328110871932735e-10
0.04933720702444674,99.99999996874378
0.2847115173964505,6.114408856931091e-10
0.055995370302610696,4.101945220964982e-08
0.06576009912600121,7.28312054688113e-09
0.11738261666936954,1.8164189168732068e-09
0.17185511458530386,9.633079728354013e-10
0.32506675424894366,6.011957707385399e-10
0.20152963422544284,7.821065758187274e-10
0.054768871588927286,99.99999792614855
0.05969802101440806,1.3986756595349531e-08
0.08867719662487712,2.7895555918528288e-09
0.09460495311781218,2.6239146735234546e-09
0.24329294311874722,6.580081396601852e-10
0.03408706909762068,99.99999997617448
0.1735328519863253,9.499197589172792e-10
0.05855242895368968,1.2614011799852102e-08
0.037983231774914854,99.99999997546226
0.18689490846280057,8.580428275175882e-10
0.21809259360812325,7.195214785720274e-10
0.18667042364246603,8.593910316933583e-10
0.04579089075794349,99.99999997243249
0.055816037838044105,6.140325418813239e-08
0.07316248848603314,2.997596523398143e-09
0.17740745907965555,9.206847266951807e-10
0.11105253007425792,2.0107832260314964e-09
0.06371385534944905,1.0564433132966676e-08
0.20459141514451587,7.688747181078628e-10
0.22751253955192507,6.924949127006671e-10
0.08064974904899727,2.771759347437235e-09
0.1344646285705467,1.4259694554139726e-09
0.046535379782981244,99.9999999718819
0.11465512496438186,1.8963556335725067e-09
0.1984806663324685,7.961287086540864e-10
0.055240068075124445,1.1105014672345838e-07
0.12238523961445136,1.6838035975344914e-09
0.1849406137463041,8.699866905262963e-10
0.23333539430341682,6.783385738845099e-10
0.18795092091906831,8.517817424055946e-10
0.18648017656577373,8.605383894557473e-10
0.46702239822413466,6.506309457648265e-10
0.11401018009413175,1.916091241979174e-09
0.1576173270707756,1.0975153610999392e-09
0.041293211154117083,99.9999999745717
0.08083225312130302,2.775035515254211e-09
0.16223397527215888,1.0496037032635556e-09
0.06162885638721682,1.5078486093072656e-08
0.2724345241495158,6.202110483876889e-10
0.04138595872792408,99.99999997454222
0.35184241995336335,6.043407300305433e-10
0.16357177048376614,1.0365590689405894e-09
0.25484630601716174,6.396346608508477e-10
0.04332504855581814,99.99999997379479
0.044101494552731185,99.9999999734277
0.21639122837107494,7.250049781377056e-10
0.17042315886201448,9.751013269398337e-10
0.20284710750562854,7.763115100115654e-10
0.22913708632701488,6.883623500241644e-10
0.04466954114876584,99.99999997312585
0.17120568635250702,9.686140245897733e-10
0.18124475896916326,8.938995414548901e-10
0.10322101702741558,2.2931918005212857e-09
0.24594680666268454,6.533289356227329e-10
0.07605652714970212,2.7516500547847275e-09
0.2760364652989111,6.172796137093321e-10
0.23390461428304304,6.770495827154937e-10
0.19987299438198528,7.896175798557307e-10
0.20768077529651097,7.563376092432116e-10
0.44748398623978786,6.41240967662322e-10
0.4132947489991854,6.2559697296167e-10
0.12461147728384497,1.6301372444700402e-09
0.061378704276924934,1.5467612393967513e-08
0.1586785218645842,1.0860889934938502e-09
0.282618608140022,6.127007942094999e-10
0.153112926644691,1.1489775981410397e-09
0.17440748708954038,9.431187311030661e-10
0.26695351066571527,6.253053866127657e-10
0.31140110576848373,6.021491607440084e-10
0.06621667658276964,6.741545466878825e-09
0.13089820765879878,1.4941357287816572e-09
0.18819119242428792,8.503756639135659e-10
0.11947206921016212,1.7589089112155936e-09
0.18694827568977543,8.577232112946307e-10
0.3078738000851864,6.027568151612516e-10
0.04420974834405651,99.99999997337122
0.09206997061960696,2.7072477483396527e-09
0.06547390797559352,7.65312699254124e-09
0.17632522368559178,9.286213939626427e-10
0.20587650377859443,7.63563006253372e-10
0.2904338917671506,6.08439605406843e-10
0.33634968398175574,6.018285203143629e-10
0.21559182668643767,7.27649811086485e-10
0.16647214491358095,1.0094850823259696e-09
0.19155405038931292,8.313936286022172e-10
0.3411566347590719,6.024239119828445e-10
0.23115731129602754,6.834234180276593e-10
0.2160883948528997,7.26001701856828e-10
0.192528306128656,8.261303893763828e-10
0.2488067992168437,6.486035442322951e-10
0.1727490180444014,9.561179991275124e-10
0.1967036850951273,8.047101747327999e-10
0.047097612326680804,99.99999997140769
0.1545878824570255,1.1315801753174634e-09
0.19240944350840325,8.267669983013023e-10
0.36203127774649924,6.068208620052568e-10
0.279926870643015,6.144570285334547e-10
0.05126260978077567,99.9999999644986
0.2204211911918838,7.12327976563569e-10
0.1777700669110204,9.180640566925647e-10
0.2890518783480771,6.091071783378779e-10
0.24650084134062283,6.523883255978348e-10
0.2081087441521472,7.54662705284177e-10
0.034083385358798936,99.99999997617539
0.21492174255790283,7.299011276152501e-10
0.2396932267307495,6.648332426726926e-10
0.1948352653463122,8.140723783051895e-10
0.07650199535876051,2.7408680441195685e-09
0.25382450533455647,6.410601729525319e-10
0.20888845689728955,7.51648882001874e-10
0.32107404779688553,6.012615690499455e-10
0.39054930700689683,6.162707846319829e-10
0.2603149495402712,6.325996153199716e-10
0.30583596433649995,6.031834933429914e-10
0.2819760363393601,6.131059306615965e-10
0.07203610584187478,3.221021775495045e-09
0.18792453722487312,8.519365556088678e-10
0.33255163468586574,6.014895414898759e-10
0.21592633033380285,7.265377118153939e-10
0.2401535418218956,6.639287059843926e-10
0.19603527844865976,8.08018831356048e-10
0.17641533895264172,9.279538851804815e-10
0.2570992854966553,6.366174033666956e-10
0.17118760564725805,9.687627546362379e-10
0.28276467717475434,6.126099129272586e-10
0.06070918794442562,1.5852734110693297e-08
0.21314245302460239,7.360341259080787e-10
0.24917273962684974,6.48021852605172e-10
0.22286271006920552,7.051573387522419e-10
0.21249013786893228,7.383400895706604e-10
0.17998308980305963,9.024787244276679e-10
0.14717628709326544,1.2248960850788704e-09
0.3554647888990438,6.051558057060845e-10
0.3607870956709999,6.064878251158769e-10
0.15061836654005323,1.1796872017665375e-09
0.18985208621422064,8.408398570950411e-10
0.25626133558112163,6.377196732512063e-10
0.3344940193557738,6.016478167917919e-10
0.2368711384033766,6.705903990750015e-10
0.1985877955230893,7.956211676436873e-10
0.22905583803623247,6.885655794874295e-10
0.176693931058979,9.258979439764173e-10
0.29190552801999536,6.077671650805226e-10
0.22634351497349042,6.955601014381535e-10
0.024040843351384882,99.99999997726185
0.03016725710084406,99.99999997668944
0.06899180573696252,4.435738372632798e-09
0.05503541407166007,1.9493379737200236e-07
0.02508551127577956,99.99999997572004
